{
	"info": {
		"_postman_id": "5f0f1acd-420a-4fad-b40b-2c4231605ee1",
		"name": "Product Image Service",
		"schema": "https://schema.getpostman.com/json/collection/v2.1.0/collection.json"
	},
	"item": [
		{
			"name": "webdam-api",
			"item": [
				{
					"name": "asset info",
					"request": {
						"method": "GET",
						"header": [],
						"url": {
							"raw": "{{webdam-api}}assets/58278516",
							"host": [
								"{{webdam-api}}assets"
							],
							"path": [
								"58278516"
							]
						}
					},
					"response": []
				},
				{
					"name": "asset version",
					"request": {
						"method": "GET",
						"header": [
							{
								"key": "Accept",
								"value": "application/x-www-form-urlencoded"
							},
							{
								"key": "Content-Type",
								"value": "application/x-www-form-urlencoded"
							}
						],
						"url": {
							"raw": "{{webdam-api}}assets/58278516/versions",
							"host": [
								"{{webdam-api}}assets"
							],
							"path": [
								"58278516",
								"versions"
							]
						}
					},
					"response": [
						{
							"name": "Get Asset: 10881159",
							"originalRequest": {
								"method": "GET",
								"header": [
									{
										"key": "Authorization",
										"type": "text",
										"name": "Authorization",
										"value": "Bearer fe8e8da2bcd238450096360c426c92c960d4793a"
									},
									{
										"key": "Accept",
										"value": "application/x-www-form-urlencoded"
									},
									{
										"key": "Content-Type",
										"value": "application/x-www-form-urlencoded",
										"description": "The mime type of this content"
									}
								],
								"url": {
									"raw": "https://apiv2.webdamdb.com/assets/10881159",
									"protocol": "https",
									"host": [
										"apiv2",
										"webdamdb",
										"com"
									],
									"path": [
										"assets",
										"10881159"
									]
								}
							},
							"status": "OK",
							"code": 200,
							"_postman_previewlanguage": "javascript",
							"header": [
								{
									"key": "Access-Control-Allow-Origin",
									"value": "*",
									"name": "Access-Control-Allow-Origin",
									"description": ""
								},
								{
									"key": "Cache-Control",
									"value": "private, no-cache, no-store, proxy-revalidate, no-transform, max-age=0, must-revalidate",
									"name": "Cache-Control",
									"description": ""
								},
								{
									"key": "Connection",
									"value": "close",
									"name": "Connection",
									"description": ""
								},
								{
									"key": "Content-Encoding",
									"value": "gzip",
									"name": "Content-Encoding",
									"description": ""
								},
								{
									"key": "Content-Length",
									"value": "823",
									"name": "Content-Length",
									"description": ""
								},
								{
									"key": "Content-Type",
									"value": "application/json",
									"name": "Content-Type",
									"description": ""
								},
								{
									"key": "Date",
									"value": "Tue, 10 May 2016 18:30:28 GMT",
									"name": "Date",
									"description": ""
								},
								{
									"key": "Expires",
									"value": "Thu, 19 Nov 1981 08:52:00 GMT",
									"name": "Expires",
									"description": ""
								},
								{
									"key": "Pragma",
									"value": "no-cache",
									"name": "Pragma",
									"description": ""
								},
								{
									"key": "Server",
									"value": "Apache",
									"name": "Server",
									"description": ""
								},
								{
									"key": "Vary",
									"value": "Accept-Encoding",
									"name": "Vary",
									"description": ""
								}
							],
							"cookie": [],
							"body": "{\"type\":\"asset\",\"type_id\":\"1\",\"id\":\"10881159\",\"status\":\"active\",\"filename\":\"400-092xx.tif\",\"name\":\"400-092xx.tif\",\"filesize\":\"16.63\",\"width\":\"2362\",\"height\":\"1772\",\"description\":\"\",\"filetype\":\"tif\",\"colorspace\":\"CMYK\",\"version\":\"2\",\"mediaUrl\":\"<img onerror=\\\"if(WebDAM.isAssetLoaded){WebDAM.isAssetLoaded(this,'https:\\/\\/cdn2.webdamdb.com\\/md_0RirEJ34hQmj.png?1445510177','\\/images\\/220imageprocessing.gif',false)}\\\" src=\\\"https:\\/\\/cdn2.webdamdb.com\\/md_0RirEJ34hQmj.png?1445510177?1445510177\\\" border=0 alt=\\\"400-092xx.tif\\\" title=\\\"400-092xx.tif\\\">\",\"datecreated\":\"2014-08-27 03:01:10\",\"datemodified\":\"2015-10-22 03:36:17\",\"datecaptured\":null,\"numExif\":62,\"numRelated\":1,\"numXmp\":13,\"thumbnailurls\":[{\"size\":100,\"url\":\"https:\\/\\/cdn2.webdamdb.com\\/100th_sm_0RirEJ34hQmj.png?1445510177\"},{\"size\":150,\"url\":\"https:\\/\\/cdn2.webdamdb.com\\/150th_sm_0RirEJ34hQmj.png?1445510177\"},{\"size\":220,\"url\":\"https:\\/\\/cdn2.webdamdb.com\\/220th_sm_0RirEJ34hQmj.png?1445510177\"},{\"size\":310,\"url\":\"https:\\/\\/cdn2.webdamdb.com\\/310th_sm_0RirEJ34hQmj.png?1445510177\"},{\"size\":550,\"url\":\"https:\\/\\/cdn2.webdamdb.com\\/md_0RirEJ34hQmj.png?1445510177\"},{\"size\":1280,\"url\":\"https:\\/\\/cdn2.webdamdb.com\\/1280_0RirEJ34hQmj.png?1445510177\"}],\"hiResMediaUrl\":\"<img onerror=\\\"if(WebDAM.isAssetLoaded){WebDAM.isAssetLoaded(this,'https:\\/\\/cdn2.webdamdb.com\\/1280_0RirEJ34hQmj.png?1445510177','\\/images\\/220imageprocessing.gif',false)}\\\" src=\\\"https:\\/\\/cdn2.webdamdb.com\\/1280_0RirEJ34hQmj.png?1445510177?1445510177\\\" border=0 alt=\\\"400-092xx.tif\\\" title=\\\"400-092xx.tif\\\">\",\"folder\":{\"type\":\"folder\",\"id\":\"469576\",\"name\":\"Parts\",\"properties\":{\"ALBWATERMARKPHOTOS\":\"\",\"ALBJSPROTECTPHOTOS\":\"1\",\"ALBALLOW_SLIDESHOW\":\"1\",\"ALBALLOW_SHARETHIS\":\"1\",\"ALBEMALAFRIEND\":\"\",\"ALBALLOWRSSFEED\":\"1\",\"ALBEMAILHIRESDOWNLOAD\":\"\",\"ALBENABLE_REQUESTDOWNLOAD\":\"1\",\"ALBENABLE_DOWNLOADUSAGE\":\"\",\"ALBENABLE_REQUESTRECIPIENT\":\"admin\",\"ALBDISPLAYCAPTUREDATEPHOTO\":\"1\",\"ALBDISPLAYOWNERIMAGE\":\"\",\"ALBDISPLAYIMAGEFILESIZE\":\"1\"}},\"numComments\":0,\"user\":{\"type\":\"user\",\"id\":\"41898\",\"email\":\"helga.mork@laerdal.com\",\"name\":\"Helga M\\u00f8rk\",\"username\":\"hmork\",\"status\":\"active\"},\"readonly\":0,\"readonlynext\":0}"
						},
						{
							"name": "Get Asset: 10881159",
							"originalRequest": {
								"method": "GET",
								"header": [
									{
										"key": "Authorization",
										"type": "text",
										"name": "Authorization",
										"value": "Bearer fe8e8da2bcd238450096360c426c92c960d4793a"
									},
									{
										"key": "Accept",
										"value": "application/x-www-form-urlencoded"
									},
									{
										"key": "Content-Type",
										"value": "application/x-www-form-urlencoded",
										"description": "The mime type of this content"
									}
								],
								"url": {
									"raw": "https://apiv2.webdamdb.com/assets/10881159",
									"protocol": "https",
									"host": [
										"apiv2",
										"webdamdb",
										"com"
									],
									"path": [
										"assets",
										"10881159"
									]
								}
							},
							"status": "OK",
							"code": 200,
							"_postman_previewlanguage": "javascript",
							"header": [
								{
									"key": "Access-Control-Allow-Origin",
									"value": "*",
									"name": "Access-Control-Allow-Origin",
									"description": ""
								},
								{
									"key": "Cache-Control",
									"value": "private, no-cache, no-store, proxy-revalidate, no-transform, max-age=0, must-revalidate",
									"name": "Cache-Control",
									"description": ""
								},
								{
									"key": "Connection",
									"value": "close",
									"name": "Connection",
									"description": ""
								},
								{
									"key": "Content-Encoding",
									"value": "gzip",
									"name": "Content-Encoding",
									"description": ""
								},
								{
									"key": "Content-Length",
									"value": "823",
									"name": "Content-Length",
									"description": ""
								},
								{
									"key": "Content-Type",
									"value": "application/json",
									"name": "Content-Type",
									"description": ""
								},
								{
									"key": "Date",
									"value": "Tue, 10 May 2016 18:30:28 GMT",
									"name": "Date",
									"description": ""
								},
								{
									"key": "Expires",
									"value": "Thu, 19 Nov 1981 08:52:00 GMT",
									"name": "Expires",
									"description": ""
								},
								{
									"key": "Pragma",
									"value": "no-cache",
									"name": "Pragma",
									"description": ""
								},
								{
									"key": "Server",
									"value": "Apache",
									"name": "Server",
									"description": ""
								},
								{
									"key": "Vary",
									"value": "Accept-Encoding",
									"name": "Vary",
									"description": ""
								}
							],
							"cookie": [],
							"body": "{\"type\":\"asset\",\"type_id\":\"1\",\"id\":\"10881159\",\"status\":\"active\",\"filename\":\"400-092xx.tif\",\"name\":\"400-092xx.tif\",\"filesize\":\"16.63\",\"width\":\"2362\",\"height\":\"1772\",\"description\":\"\",\"filetype\":\"tif\",\"colorspace\":\"CMYK\",\"version\":\"2\",\"mediaUrl\":\"<img onerror=\\\"if(WebDAM.isAssetLoaded){WebDAM.isAssetLoaded(this,'https:\\/\\/cdn2.webdamdb.com\\/md_0RirEJ34hQmj.png?1445510177','\\/images\\/220imageprocessing.gif',false)}\\\" src=\\\"https:\\/\\/cdn2.webdamdb.com\\/md_0RirEJ34hQmj.png?1445510177?1445510177\\\" border=0 alt=\\\"400-092xx.tif\\\" title=\\\"400-092xx.tif\\\">\",\"datecreated\":\"2014-08-27 03:01:10\",\"datemodified\":\"2015-10-22 03:36:17\",\"datecaptured\":null,\"numExif\":62,\"numRelated\":1,\"numXmp\":13,\"thumbnailurls\":[{\"size\":100,\"url\":\"https:\\/\\/cdn2.webdamdb.com\\/100th_sm_0RirEJ34hQmj.png?1445510177\"},{\"size\":150,\"url\":\"https:\\/\\/cdn2.webdamdb.com\\/150th_sm_0RirEJ34hQmj.png?1445510177\"},{\"size\":220,\"url\":\"https:\\/\\/cdn2.webdamdb.com\\/220th_sm_0RirEJ34hQmj.png?1445510177\"},{\"size\":310,\"url\":\"https:\\/\\/cdn2.webdamdb.com\\/310th_sm_0RirEJ34hQmj.png?1445510177\"},{\"size\":550,\"url\":\"https:\\/\\/cdn2.webdamdb.com\\/md_0RirEJ34hQmj.png?1445510177\"},{\"size\":1280,\"url\":\"https:\\/\\/cdn2.webdamdb.com\\/1280_0RirEJ34hQmj.png?1445510177\"}],\"hiResMediaUrl\":\"<img onerror=\\\"if(WebDAM.isAssetLoaded){WebDAM.isAssetLoaded(this,'https:\\/\\/cdn2.webdamdb.com\\/1280_0RirEJ34hQmj.png?1445510177','\\/images\\/220imageprocessing.gif',false)}\\\" src=\\\"https:\\/\\/cdn2.webdamdb.com\\/1280_0RirEJ34hQmj.png?1445510177?1445510177\\\" border=0 alt=\\\"400-092xx.tif\\\" title=\\\"400-092xx.tif\\\">\",\"folder\":{\"type\":\"folder\",\"id\":\"469576\",\"name\":\"Parts\",\"properties\":{\"ALBWATERMARKPHOTOS\":\"\",\"ALBJSPROTECTPHOTOS\":\"1\",\"ALBALLOW_SLIDESHOW\":\"1\",\"ALBALLOW_SHARETHIS\":\"1\",\"ALBEMALAFRIEND\":\"\",\"ALBALLOWRSSFEED\":\"1\",\"ALBEMAILHIRESDOWNLOAD\":\"\",\"ALBENABLE_REQUESTDOWNLOAD\":\"1\",\"ALBENABLE_DOWNLOADUSAGE\":\"\",\"ALBENABLE_REQUESTRECIPIENT\":\"admin\",\"ALBDISPLAYCAPTUREDATEPHOTO\":\"1\",\"ALBDISPLAYOWNERIMAGE\":\"\",\"ALBDISPLAYIMAGEFILESIZE\":\"1\"}},\"numComments\":0,\"user\":{\"type\":\"user\",\"id\":\"41898\",\"email\":\"helga.mork@laerdal.com\",\"name\":\"Helga M\\u00f8rk\",\"username\":\"hmork\",\"status\":\"active\"},\"readonly\":0,\"readonlynext\":0}"
						}
					]
				},
				{
					"name": "notifications",
					"request": {
						"method": "GET",
						"header": [
							{
								"key": "Accept",
								"value": "application/x-www-form-urlencoded"
							},
							{
								"key": "Content-Type",
								"value": "application/x-www-form-urlencoded"
							}
						],
						"url": {
							"raw": "{{webdam-api}}notifications?limit=1000&offset=0",
							"host": [
								"{{webdam-api}}notifications"
							],
							"query": [
								{
									"key": "limit",
									"value": "1000"
								},
								{
									"key": "offset",
									"value": "0"
								}
							]
						}
					},
					"response": []
				},
				{
					"name": "assets in folder",
					"request": {
						"method": "GET",
						"header": [
							{
								"key": "Accept",
								"value": "application/json",
								"type": "text"
							},
							{
								"key": "Content-Type",
								"value": "",
								"type": "text"
							}
						],
						"url": {
							"raw": "{{webdam-api}}/folders/2319769/assets?sortby=datemodified&sortbydir=desc",
							"host": [
								"{{webdam-api}}"
							],
							"path": [
								"folders",
								"2319769",
								"assets"
							],
							"query": [
								{
									"key": "sortby",
									"value": "datemodified"
								},
								{
									"key": "sortbydir",
									"value": "desc"
								}
							]
						}
					},
					"response": []
				},
				{
					"name": "multiple assets",
					"request": {
						"method": "GET",
						"header": [],
						"url": {
							"raw": "{{webdam-api}}assets/list?ids=11015010",
							"host": [
								"{{webdam-api}}assets"
							],
							"path": [
								"list"
							],
							"query": [
								{
									"key": "ids",
									"value": "11015010"
								}
							]
						}
					},
					"response": []
				},
				{
					"name": "top level folders",
					"request": {
						"method": "GET",
						"header": [],
						"url": {
							"raw": "{{webdam-api}}folders",
							"host": [
								"{{webdam-api}}folders"
							]
						}
					},
					"response": []
				}
			],
			"auth": {
				"type": "oauth2",
				"oauth2": [
					{
						"key": "accessToken",
						"value": "efa4032fb8dffa8966717fe98258030b924c43bc",
						"type": "string"
					},
					{
						"key": "tokenType",
						"value": "bearer",
						"type": "string"
					},
					{
						"key": "addTokenTo",
						"value": "header",
						"type": "string"
					}
				]
			},
			"event": [
				{
					"listen": "prerequest",
					"script": {
						"type": "text/javascript",
						"exec": [
							""
						]
					}
				},
				{
					"listen": "test",
					"script": {
						"type": "text/javascript",
						"exec": [
							""
						]
					}
				}
			]
		},
		{
			"name": "function-trigger",
			"item": [
				{
					"name": "crawl",
					"item": [
						{
							"name": "initial-crawl",
							"request": {
								"auth": {
									"type": "apikey",
									"apikey": [
										{
											"key": "value",
											"value": "{{azure-function-key}}",
											"type": "string"
										},
										{
											"key": "key",
											"value": "x-functions-key",
											"type": "string"
										}
									]
								},
								"method": "POST",
								"header": [
									{
										"key": "Content-Type",
										"name": "Content-Type",
										"value": "application/json",
										"type": "text"
									}
								],
								"body": {
									"mode": "raw",
									"raw": "{ \"input\": \"test\" }"
								},
								"url": {
									"raw": "{{azure-function-url}}admin/functions/InitiateCrawl",
									"host": [
										"{{azure-function-url}}admin"
									],
									"path": [
										"functions",
										"InitiateCrawl"
									]
								}
							},
							"response": []
						},
						{
							"name": "crawl-modified-asset",
							"request": {
								"auth": {
									"type": "apikey",
									"apikey": [
										{
											"key": "value",
											"value": "{{azure-function-key}}",
											"type": "string"
										},
										{
											"key": "key",
											"value": "x-functions-key",
											"type": "string"
										}
									]
								},
								"method": "POST",
								"header": [
									{
										"key": "Content-Type",
										"name": "Content-Type",
										"value": "application/json",
										"type": "text"
									}
								],
								"body": {
									"mode": "raw",
									"raw": "{ \"input\": \"test\" }"
								},
								"url": {
									"raw": "{{azure-function-url}}admin/functions/CrawlModifiedAsset",
									"host": [
										"{{azure-function-url}}admin"
									],
									"path": [
										"functions",
										"CrawlModifiedAsset"
									]
								}
							},
							"response": []
						}
					],
					"event": [
						{
							"listen": "prerequest",
							"script": {
								"type": "text/javascript",
								"exec": [
									""
								]
							}
						},
						{
							"listen": "test",
							"script": {
								"type": "text/javascript",
								"exec": [
									""
								]
							}
						}
					]
				},
				{
					"name": "index",
					"item": [
						{
							"name": "index-asset",
							"request": {
								"auth": {
									"type": "bearer"
								},
								"method": "POST",
								"header": [
									{
										"key": "Content-Type",
										"value": "application/json",
										"type": "text"
									}
								],
								"body": {
									"mode": "raw",
									"raw": "{\r\n    \"input\" : \"{\r\n  RowKey: 'TEST-201',\r\n  PartitionKey: '6677694',\r\n  WebDamAssetId: 96553587,\r\n  WebDamLastModifiedUtc: '2019-09-11T05:37:32Z',\r\n  LastDownloadedUtc: '2019-09-11T05:37:32Z',\r\n  DownloadStatus: 'Pending',\r\n  Type: 0,\r\n}\"}"
								},
								"url": {
									"raw": "{{azure-function-url}}admin/functions/IndexAssets",
									"host": [
										"{{azure-function-url}}admin"
									],
									"path": [
										"functions",
										"IndexAssets"
									]
								}
							},
							"response": []
						}
					]
				},
				{
					"name": "download",
					"item": [
						{
							"name": "download-original-upload-to-blob",
							"request": {
								"auth": {
									"type": "apikey",
									"apikey": [
										{
											"key": "value",
											"value": "{{azure-function-key}}",
											"type": "string"
										},
										{
											"key": "key",
											"value": "x-functions-key",
											"type": "string"
										}
									]
								},
								"method": "POST",
								"header": [
									{
										"key": "Content-Type",
										"name": "Content-Type",
										"value": "application/json",
										"type": "text"
									}
								],
								"body": {
									"mode": "raw",
									"raw": "{\n\t\"input\" : \"{ \n\t\tAssetId: 'qavtj2-2ydeso-b0rhd3',\n        SectionId: 'qa7w71-13gzv4-633z0b',\n        AttachmentId: 'qavtj2-2ydeso-czomsy',\n\t\tProductName: '780200',\n\t\tTargetPath: 'sku/780200',\n\t\tTargetFileName: '780200-origin.jpeg'\n\t}\"\n}"
								},
								"url": {
									"raw": "{{azure-function-url}}admin/functions/DownloadOriginalAndUploadToBlob",
									"host": [
										"{{azure-function-url}}admin"
									],
									"path": [
										"functions",
										"DownloadOriginalAndUploadToBlob"
									]
								}
							},
							"response": []
						}
					]
				},
				{
					"name": "serve",
					"item": [
						{
							"name": "serve-product-image",
							"request": {
								"auth": {
									"type": "apikey",
									"apikey": [
										{
											"key": "in",
											"value": "header",
											"type": "string"
										},
										{
											"key": "key",
											"value": "x-functions-key",
											"type": "string"
										},
										{
											"key": "value",
											"value": "{{azure-function-key}}",
											"type": "string"
										}
									]
								},
								"method": "GET",
								"header": [],
								"url": {
									"raw": "{{azure-function-url}}api/ServeOrCreateProductImage/sku/198-80850",
									"host": [
										"{{azure-function-url}}api"
									],
									"path": [
										"ServeOrCreateProductImage",
										"sku",
										"198-80850"
									],
									"query": [
										{
											"key": "w",
											"value": "400",
											"description": "width in pixel (default 800px)",
											"disabled": true
										},
										{
											"key": "h",
											"value": "400",
											"description": "height in pixel (default 600px)",
											"disabled": true
										},
										{
											"key": "m",
											"value": "p",
											"description": "mode [c - crop, cp - crop & pad, default - pad]",
											"disabled": true
										},
										{
											"key": "cg",
											"value": "n",
											"description": "crop gravity is to specify the clipping area [e - east, w - west, n - north, s - south, default - center]",
											"disabled": true
										},
										{
											"key": "cp",
											"value": "30",
											"description": "crop padding in pixels (default 0)",
											"disabled": true
										},
										{
											"key": "bg",
											"value": "6EB079",
											"description": "background color in hex code without # (default white)",
											"disabled": true
										},
										{
											"key": "scale",
											"value": "true",
											"description": "true/false to enable/disable up-scaling (default true)",
											"disabled": true
										},
										{
											"key": "ext",
											"value": "png",
											"description": "ext is to provide the image extension (default jpeg)",
											"disabled": true
										},
										{
											"key": "q",
											"value": "65",
											"description": "q is for image quality (default 85%)",
											"disabled": true
										}
									]
								},
								"description": "Sku Image Transformation\r\n-------------------------------------------------\r\n\r\n\tURL - {{azure-function-api}}api/ServeOrCreateProductImage/sku/{{product-no}}\r\n\twhen no parameters are provide then the default values are - width - 800px & height - 600px\r\n\t\r\n\t\r\n\tQuery string parameters\r\n\t-----------------------\r\n\tw - width in pixel (default 800px)\r\n\th - height in pixel (default 600px)\r\n\tm - mode\r\n\t\tc - crop\r\n\t\tcp - crop & pad\r\n\t\tdefault - pad\r\n\t\r\n\tcg - crop gravity is to specify the clipping area\r\n\t\te - east\r\n\t\tw - west\r\n\t\tn - north\r\n\t\ts - south\r\n\t\tdefault - center\r\n\t\t\r\n\tcp - crop padding in pixels (default 0)\r\n\tbg - background color in hex code without # (default white)\r\n\tscale - true/false to enable/disable up-scaling (default true)\r\n\text - to provide the image extension (default jpeg)\r\n\t\r\n\tNote - crop & crop pad much required both dimensions (i.e. width & height)"
							},
							"response": []
						}
					]
				}
			]
		},
		{
			"name": "brandfolder-api",
			"item": [
				{
					"name": "List Organizations",
					"request": {
						"method": "GET",
						"header": [
							{
								"key": "Content-Type",
								"value": "application/json",
								"type": "text",
								"disabled": true
							},
							{
								"key": "Accept",
								"value": "application/json",
								"type": "text",
								"disabled": true
							},
							{
								"key": "Authorization",
								"value": "Bearer {{BF_API_KEY}}",
								"type": "text",
								"disabled": true
							}
						],
						"url": {
							"raw": "{{brandfolder-api}}organizations",
							"host": [
								"{{brandfolder-api}}organizations"
							]
						}
					},
					"response": []
				},
				{
					"name": "List Brandfolders",
					"request": {
						"method": "GET",
						"header": [
							{
								"key": "",
								"value": "",
								"type": "text",
								"disabled": true
							},
							{
								"key": "",
								"value": "",
								"type": "text",
								"disabled": true
							}
						],
						"url": {
							"raw": "{{brandfolder-api}}brandfolders",
							"host": [
								"{{brandfolder-api}}brandfolders"
							]
						}
					},
					"response": []
				},
				{
					"name": "Fetch a Brandfolder",
					"request": {
						"method": "GET",
						"header": [],
						"url": {
							"raw": "{{brandfolder-api}}api/v4/brandfolders/q9lvje-cz9mpc-3r5n3e",
							"host": [
								"{{brandfolder-api}}api"
							],
							"path": [
								"v4",
								"brandfolders",
								"q9lvje-cz9mpc-3r5n3e"
							]
						}
					},
					"response": []
				},
				{
					"name": "List Collections",
					"request": {
						"method": "GET",
						"header": [],
						"url": {
							"raw": "{{brandfolder-api}}collections",
							"host": [
								"{{brandfolder-api}}collections"
							]
						}
					},
					"response": []
				},
				{
					"name": "List Sections",
					"request": {
						"method": "GET",
						"header": [],
						"url": {
							"raw": "{{brandfolder-api}}brandfolders/q9lvje-cz9mpc-3r5n3e/sections",
							"host": [
								"{{brandfolder-api}}brandfolders"
							],
							"path": [
								"q9lvje-cz9mpc-3r5n3e",
								"sections"
							]
						}
					},
					"response": []
				},
				{
					"name": "Get Section",
					"request": {
						"method": "GET",
						"header": [],
						"url": {
							"raw": "{{brandfolder-api}}sections/{{bf-part-section-id}}",
							"host": [
								"{{brandfolder-api}}sections"
							],
							"path": [
								"{{bf-part-section-id}}"
							]
						}
					},
					"response": []
				},
				{
					"name": "List Assets (based on brandfolder)",
					"request": {
						"method": "GET",
						"header": [],
						"url": {
							"raw": "{{brandfolder-api}}brandfolders/q9lvje-cz9mpc-3r5n3e/assets?page=1&fields=created_at,updated_at,description&include=attachments,custom_fields&per=3",
							"host": [
								"{{brandfolder-api}}brandfolders"
							],
							"path": [
								"q9lvje-cz9mpc-3r5n3e",
								"assets"
							],
							"query": [
								{
									"key": "page",
									"value": "1"
								},
								{
									"key": "fields",
									"value": "created_at,updated_at,description"
								},
								{
									"key": "include",
									"value": "attachments,custom_fields"
								},
								{
									"key": "per",
									"value": "3"
								}
							]
						}
					},
					"response": []
				},
				{
					"name": "List Assets (based on section)",
					"request": {
						"method": "GET",
						"header": [],
						"url": {
							"raw": "{{brandfolder-api}}sections/{{bf-part-section-id}}/assets?page=1&fields=created_at,updated_at,description&include=attachments,custom_fields&per=3000",
							"host": [
								"{{brandfolder-api}}sections"
							],
							"path": [
								"{{bf-part-section-id}}",
								"assets"
							],
							"query": [
								{
									"key": "page",
									"value": "1"
								},
								{
									"key": "fields",
									"value": "created_at,updated_at,description"
								},
								{
									"key": "include",
									"value": "attachments,custom_fields"
								},
								{
									"key": "per",
									"value": "3000"
								}
							]
						}
					},
					"response": []
				},
				{
					"name": "Get Asset",
					"request": {
						"method": "GET",
						"header": [],
						"url": {
							"raw": "{{brandfolder-api}}assets/vfpsmw2c3n6qqrbg2fww8wc?fields=created_at,updated_at&include=attachments,custom_fields",
							"host": [
								"{{brandfolder-api}}assets"
							],
							"path": [
								"vfpsmw2c3n6qqrbg2fww8wc"
							],
							"query": [
								{
									"key": "fields",
									"value": "created_at,updated_at"
								},
								{
									"key": "include",
									"value": "attachments",
									"disabled": true
								},
								{
									"key": "include",
									"value": "attachments,custom_fields"
								}
							]
						}
					},
					"response": []
				},
				{
					"name": "List Tags",
					"request": {
						"method": "GET",
						"header": [],
						"url": {
							"raw": "{{brandfolder-api}}assets/qa7xwk-9smkmo-4uyx2j/tags",
							"host": [
								"{{brandfolder-api}}assets"
							],
							"path": [
								"qa7xwk-9smkmo-4uyx2j",
								"tags"
							]
						}
					},
					"response": []
				},
				{
					"name": "List Attachments",
					"request": {
						"method": "GET",
						"header": [],
						"url": {
							"raw": "{{brandfolder-api}}assets/qa7xwk-9smkmo-4uyx2j/attachments",
							"host": [
								"{{brandfolder-api}}assets"
							],
							"path": [
								"qa7xwk-9smkmo-4uyx2j",
								"attachments"
							]
						}
					},
					"response": []
				},
				{
					"name": "Get Attachment",
					"request": {
						"method": "GET",
						"header": [],
						"url": {
							"raw": "{{brandfolder-api}}/attachments/qa7xwk-9smkmo-66ot29",
							"host": [
								"{{brandfolder-api}}"
							],
							"path": [
								"attachments",
								"qa7xwk-9smkmo-66ot29"
							]
						}
					},
					"response": []
				},
				{
					"name": "Get Custom Fields",
					"request": {
						"method": "GET",
						"header": [],
						"url": {
							"raw": "{{brandfolder-api}}/brandfolders/q9lvje-cz9mpc-3r5n3e/custom_field_values?per=3000",
							"host": [
								"{{brandfolder-api}}"
							],
							"path": [
								"brandfolders",
								"q9lvje-cz9mpc-3r5n3e",
								"custom_field_values"
							],
							"query": [
								{
									"key": "per",
									"value": "3000"
								}
							]
						}
					},
					"response": []
				}
			],
			"auth": {
				"type": "bearer",
				"bearer": [
					{
						"key": "token",
						"value": "{{brandfolder-api-key}}",
						"type": "string"
					}
				]
			},
			"event": [
				{
					"listen": "prerequest",
					"script": {
						"type": "text/javascript",
						"exec": [
							""
						]
					}
				},
				{
					"listen": "test",
					"script": {
						"type": "text/javascript",
						"exec": [
							""
						]
					}
				}
			]
		}
	],
	"auth": {
		"type": "bearer"
	},
	"event": [
		{
			"listen": "prerequest",
			"script": {
				"type": "text/javascript",
				"exec": [
					""
				]
			}
		},
		{
			"listen": "test",
			"script": {
				"type": "text/javascript",
				"exec": [
					""
				]
			}
		}
	],
	"variable": [
		{
			"key": "webdam-api",
			"value": "https://apiv2.webdamdb.com/"
		},
		{
			"key": "azure-function-url",
			"value": "https://productimage-fnapp-dev.azurewebsites.net/"
		},
		{
			"key": "azure-function-key",
			"value": ""
		},
		{
			"key": "brandfolder-api",
			"value": "https://brandfolder.com/api/v4/"
		},
		{
			"key": "bf-part-section-id",
			"value": ""
		},
		{
			"key": "brandfolder-api-key",
			"value": ""
		}
	]
}