[
  {
    "market": "no",
    "username": "online.business+no@laerdal.com",
    "password": "OB-Test-Password+Norway"
  },
  {
    "market": "be-nl",
    "username": "online.business+be-nl@laerdal.com",
    "password": "OB-Test-Password+Benelux"
  },
  {
    "market": "be-fr",
    "username": "online.business+be-fr@laerdal.com",
    "password": "OB-Test-Password+Benelux"
  },
  {
    "market": "nl",
    "username": "online.business+nl@laerdal.com",
    "password": "OB-Test-Password+Netherlands"
  },
  {
    "market": "us",
    "username": "online.business+us@laerdal.com",
    "password": "OB-Test-Password+US"
  },
  {
    "market": "au",
    "username": "online.business+au@laerdal.com",
    "password": "OB-Test-Password+AU"
  },
  {
    "market": "dk",
    "username": "online.business+dk@laerdal.com",
    "password": "OB-Test-Password+DK"
  }
]
