{
  "default":{
    "url": "",
    "language": "en",
    "code":"Default Market",
    "currency": "USD",
    "defaultWarehouse": "DC-NY",
    "commerce": false,
    "quotes":false
  },
  "la":{
    "url": "la",
    "language": "es",
    "code":"DAM-LA",
    "currency": "USD",
    "defaultWarehouse": "DC-NY",
    "commerce": true,
    "quotes":false
  },
  "no":{
    "url": "no",
    "language": "nb-NO",
    "code":"EMA-NO",
    "currency": "NOK",
    "defaultWarehouse": "DC-NO",
    "commerce": true,
    "quotes":false,
    "shippingTaxCode": "N0"
  },
  "se":{
    "url": "se",
    "language": "sv-SE",
    "code":"EMA-SE",
    "currency": "SEK",
    "defaultWarehouse": "DC-NL",
    "commerce": true,
    "quotes":false,
    "shippingTaxCode": "S0"
  },
  "fi":{
    "url": "fi",
    "language": "fi-FI",
    "code":"EMA-FI",
    "currency": "EUR",
    "defaultWarehouse": "DC-NL",
    "commerce": true,
    "quotes":false,
    "shippingTaxCode": "A0"
  },
  "dk":{
    "url": "dk",
    "language": "da-DK",
    "code":"EMA-DK",
    "currency": "DKK",
    "defaultWarehouse": "DC-NL",
    "commerce": true,
    "quotes":false,
    "shippingTaxCode": "D0"
  },
  "be-nl":{
    "url": "be-nl",
    "language": "nl-BE",
    "code":"EMA-BLX",
    "currency": "EUR",
    "defaultWarehouse": "DC-NL",
    "commerce": true,
    "quotes":true,
    "shippingTaxCode": "B0"
  },
  "be-fr":{
    "url": "be-fr",
    "language": "fr-BE",
    "code":"EMA-BLX",
    "currency": "EUR",
    "defaultWarehouse": "DC-NL",
    "commerce": true,
    "quotes":true,
    "shippingTaxCode": "B0"
  },
  "nl":{
    "url": "nl",
    "language": "nl-NL",
    "code":"EMA-NL",
    "currency": "EUR",
    "defaultWarehouse": "DC-NL",
    "commerce": true,
    "quotes":true,
    "shippingTaxCode": "B0"
  },
  "it":{
    "url": "it",
    "language": "it-IT",
    "code":"EMA-IT",
    "currency": "EUR",
    "defaultWarehouse": "DC-NL",
    "commerce": true,
    "quotes":true,
    "shippingTaxCode": "I0"
  },
  "es":{
    "url": "es",
    "language": "es-ES",
    "code":"EMA-ES",
    "currency": "EUR",
    "defaultWarehouse": "DC-NL",
    "commerce": true,
    "quotes":true,
    "shippingTaxCode": "E0"
  },
  "fr":{
    "url": "fr",
    "language": "fr-FR",
    "code":"EMA-FR",
    "currency": "EUR",
    "defaultWarehouse": "DC-NL",
    "commerce": true,
    "quotes":true,
    "shippingTaxCode": "F0"
  },
  "gb":{
    "url": "gb",
    "language": "en-GB",
    "code":"EMA-UK",
    "currency": "GBP",
    "defaultWarehouse": "DC-UK",
    "commerce": true,
    "quotes":false,
    "shippingTaxCode": "U1"
  },
  "de":{
    "url": "de",
    "language": "de-DE",
    "code":"EMA-DE",
    "currency": "EUR",
    "defaultWarehouse": "DC-NL",
    "commerce": true,
    "quotes":false,
    "shippingTaxCode": "G2"
  },
  "at":{
    "url": "at",
    "language": "de-AT",
    "code":"EMA-AT",
    "currency": "EUR",
    "defaultWarehouse": "DC-NL",
    "commerce": true,
    "quotes":false,
    "shippingTaxCode": "H2"
  },
  "ch":{
    "url": "ch",
    "language": "de-CH",
    "code":"EMA-CH",
    "currency": "CHF",
    "defaultWarehouse": "DC-NL",
    "commerce": false,
    "quotes":false
  }
}
