{
    "result": {
      "response": {
        "itemsPerPage": 12,
        "page": 0,
        "products": [
          {
            "code": "anne",
            "imageUrl": "",
            "isPackage": false,
            "name": "anne",
            "productUrl": "/nursing-anne",
            "requestMoreInfoUrl": "/nursing-anne",
            "score": 3
          },
          {
            "code": "anne-sim",
            "imageUrl": "",
            "isPackage": false,
            "name": "Nursing Anne",
            "productUrl": "/nursing-anne",
            "requestMoreInfoUrl": "/nursing-anne",
            "score": 3
          }
        ],
        "facetGroups": {
            "webCategory": {
                "groupFieldName": "webCategory",
                "translatedGroupFieldName": "webCategory",
                "values": [
                    {
                        "name": "ACCESSANDSPARE",
                        "translatedName": "ACCESSANDSPARE",
                        "selected": false,
                        "count": 2
                    }
                ]
            }
        },
        "sortBy": 0,
        "totalHits": 2
      }
  
    }
  }