{
    "result": {
        "response":{
            "itemsPerPage": 12,
            "page": 0,
            "contentItems": [
              {
                "title": "Ann",
                "description": "Ann description",
                "link": "/link"
              }
            ],
            "facetsGroups": {
              "topics": {
                "groupFieldName": "topics",
                "translatedGroupFieldName": "Topics",
                "values": [
                  {
                    "name": "Resuscitation", 
                    "translatedName": "Resuscitation",
                    "selected": false,
                    "count": 1
                  }
                ]
              }
            },
            "sortBy": 0,
            "totalHits": 1
          }
  
    }
  }