{
    "result": {
        "response":{
            "itemsPerPage": 50,
            "page": 0,
            "downloadItems": [
              {
                "title": "Ann",
                "description": "Ann description",
                "downloadUrl": "/link",
                "type": 1,
                "size": 0,
                "releaseNotes": "Release notes",
                "installationGuidance": "Installation guidance",
                "fileExtension": "pdf"
              }
            ],
            "facetsGroups": {
              "downloaditemtype": {
                "groupFieldName": "downloaditemtype",
                "translatedGroupFieldName": "downloaditemtype",
                "values": [
                  {
                    "name": "Software", 
                    "translatedName": "Software",
                    "selected": false,
                    "count": 1
                  }
                ]
              }
            },
            "sortBy": 0,
            "totalHits": 1
          }
  
    }
  }