{
    "result": {
      "response": {
        "itemsPerPage": 12,
        "page": 0,
        "productCategories": [
          {
            "code": "newborn-anne-dark",
            "description": "newborn-anne-dark",
            "imageUrl": "",
            "isComparable": true,
            "isFeatured": false,
            "name": "newborn-anne-dark",
            "productUrl": "/nursing-anne",
            "score": 1
          },
          {
            "code": "nursing-anne-package",
            "description": "nursing-anne-package",
            "imageUrl": "",
            "isComparable": false,
            "isFeatured": true,
            "name": "Nursing Anne",
            "productUrl": "/nursing-anne",
            "score": 1
          },
          {
            "code": "rsg-anne-sim",
            "description": "rsg-anne-sim",
            "imageUrl": "",
            "isComparable": false,
            "isFeatured": true,
            "name": "Nursing Anne",
            "productUrl": "/nursing-anne",
            "score": 1
          },
          {
            "code": "mini-anne-plus",
            "description": "mini-anne-plus",
            "imageUrl": "",
            "isComparable": false,
            "isFeatured": false,
            "name": "mini-anne-plus",
            "productUrl": "/nursing-anne",
            "score": 1
          },
          {
            "code": "simpad",
            "description": "simpad",
            "imageUrl": "",
            "isComparable": false,
            "isFeatured": false,
            "name": "simpad",
            "productUrl": "/nursing-anne",
            "score": 1
          },
          {
            "code": "nursing-anne-non-simpad",
            "description": "Nursing Anne",
            "imageUrl": "",
            "isComparable": false,
            "isFeatured": false,
            "name": "Nursing Anne",
            "productUrl": "/nursing-anne",
            "score": 1
          },
          {
            "code": "nursing-anne",
            "description": "Nursing Anne",
            "imageUrl": "",
            "isComparable": false,
            "isFeatured": false,
            "name": "Nursing Anne",
            "productUrl": "/nursing-anne",
            "score": 1
          },
          {
            "code": "mini-anne",
            "description": "Nursing Anne",
            "imageUrl": "",
            "isComparable": false,
            "isFeatured": false,
            "name": "Nursing Anne",
            "productUrl": "/nursing-anne",
            "score": 1
          },
          {
            "code": "nursing-anne-dark",
            "description": "Nursing Anne",
            "imageUrl": "",
            "isComparable": false,
            "isFeatured": false,
            "name": "Nursing Anne",
            "productUrl": "/nursing-anne",
            "score": 1
          },
          {
            "code": "annesim",
            "description": "Nursing Anne",
            "imageUrl": "",
            "isComparable": false,
            "isFeatured": false,
            "name": "Nursing Anne",
            "productUrl": "/nursing-anne",
            "score": 1
          },
          {
            "code": "newborn-anne",
            "description": "Nursing Anne",
            "imageUrl": "",
            "isComparable": false,
            "isFeatured": false,
            "name": "Nursing Anne",
            "productUrl": "/nursing-anne",
            "score": 1
          },
          {
            "code": "little-anne",
            "description": "Nursing Anne",
            "imageUrl": "",
            "isComparable": false,
            "isFeatured": false,
            "name": "Nursing Anne",
            "productUrl": "/nursing-anne",
            "score": 1
          }
    
        ],
        "facetGroups": {
            "productCategorization": {
                "groupFieldName": "ProductCategorization",
                "translatedGroupFieldName": "ProductCategorization",
                "values": [
                    {
                        "name": "Discontinued solutions",
                        "translatedName": "Utgåtte løsninger",
                        "selected": false,
                        "count": 2
                    },
                    {
                        "name": "High performance CPR manikins",
                        "translatedName": "High performance CPR manikins",
                        "selected": false,
                        "count": 1
                    }
                ]
            }
        },
        "sortBy": 0,
        "totalHits": 14
      }
  
    }
  }