 {
  "result": {
    "response": {
      "itemsPerPage": 12,
      "page": 0,
      "products":[
        {
          "code": "anne",
          "description": "Nursing Anne",
          "imageUrl": "",
          "isPackage": false,
          "name": "Nursing Anne",
          "productUrl": "/nursing-anne",
          "requestMoreInfoUrl": "/nursing-anne",
          "score": 3
        },
        {
          "code": "anne-sim",
          "description": "Nursing Anne",
          "imageUrl": "",
          "isPackage": false,
          "name": "Nursing Anne",
          "productUrl": "/nursing-anne",
          "requestMoreInfoUrl": "/nursing-anne",
          "score": 1
        },
        {
          "code": "baby-anne",
          "description": "Nursing Anne",
          "imageUrl": "",
          "isPackage": false,
          "name": "Nursing Anne",
          "productUrl": "/nursing-anne",
          "requestMoreInfoUrl": "/nursing-anne",
          "score": 2
        }
   
      ],
      "sortBy": 0,
      "totalHits": 3
    }

  }
}