{
  "defaultVariant": {
    "sku": "AUTOMATION",
    "name": "AUTOMATION",
    "defaultWarehouse": "DC-NY",
    "validFrom": "2020-01-01T00:00:00Z",
    "validTo": "2030-01-01T00:00:00Z",
    "displayName": "Automation Sku",
    "description": "A generated SKU for automation testing.",
    "type": "MAIN",
    "productGroup": "TEST",
    "productLine": "Automation",
    "availabilityStatus": "Active",
    "taxCode": "B",
    "virtualItem": false,
    "licenseRequired": false,
    "ctcCodeRequired": false
  },
  "defaultPrice": {
    "sku": "AUTOMATION",
    "unitPrice": 100.000000000,
    "validFrom": "2020-01-01T00:00:00Z",
    "validTo": null,
    "priceTypeId": "AllCustomers",
    "priceCode": "",
    "marketId": "EMA-NO",
    "currencyCode": "NOK",
    "minQuantity": 1.000000000
  },
  "defaultStock": {
    "sku": "AUTOMATION",
    "quantity": 100,
    "backorderQuantity": 0,
    "dueDate": "0001-01-01T00:00:00Z",
    "warehouseCode": "DC-NY"
  }
}
