{
  "$schema": "https://schema.management.azure.com/schemas/2019-04-01/deploymentTemplate.json#",
  "contentVersion": "1.0.0.0",
  "parameters": {
    "appName": {
      "type": "string",
      "defaultValue": "product-image-service",
      "metadata": {
        "description": "The name of the Azure Function/Web app."
      }
    },
    "environment": {
      "type": "string",
      "defaultValue": "dev",
      "allowedValues": [
        "dev",
        "test",
        "prod"
      ]
    },
    "storageAccountType": {
      "type": "string",
      "defaultValue": "Standard_LRS",
      "allowedValues": [
        "Standard_LRS",
        "Standard_ZRS",
        "Standard_GRS",
        "Standard_RAGRS",
        "Premium_LRS"
      ]
    },
    "productImageApiPath": {
      "type": "string",
      "defaultValue": "/api/ProductImage"
    },
    "cdnCustomHost": {
      "type": "string",
      "defaultValue": ""
    }
  },
  "variables": {
    "functionAppName": "[concat(parameters('appName'), '-', parameters('environment'))]",
    "storageAccountName": "[toLower(replace(concat(parameters('appName'), parameters('environment')),'-',''))]",
    "storageAccountId": "[concat(resourceGroup().id,'/providers/','Microsoft.Storage/storageAccounts/', variables('storageAccountName'))]",
    "hostingPlanName": "[concat(variables('functionAppName'), '-host')]",
    "siteConfig": {
      "ftpsState": "Disabled",
      "http20Enabled": true,
      "minTlsVersion": "1.2",
      "phpVersion": "Off"
    },
    "functionEndpointHost": "[concat(variables('functionAppName'), '.azurewebsites.net')]",
    "appInsightsInstanceName": "[variables('functionAppName')]",
    "cdnProfileName": "[variables('functionAppName')]",
    "cdnEndpointName": "[concat(parameters('appName'), '-cdn-', parameters('environment'))]",
    "cdnResourceName": "[concat(variables('cdnProfileName'), '/', variables('cdnEndpointName'))]",
    "cdnCustomHostOrDefault": "[if(empty(parameters('cdnCustomHost')), concat(variables('cdnEndpointName'), '.azureedge.net'), parameters('cdnCustomHost'))]"
  },
  "resources": [
    {
      "apiVersion": "2018-02-01",
      "name": "[variables('hostingPlanName')]",
      "type": "Microsoft.Web/serverfarms",
      "location": "[resourceGroup().location]",
      "sku": {
        "name": "Y1",
        "tier": "Dynamic"
      },
      "tags": {
        "displayName": "Hosting Plan"
      },
      "properties": {
        "name": "[variables('hostingPlanName')]",
        "numberOfWorkers": 1
      }
    },
    {
      "name": "[variables('storageAccountName')]",
      "type": "Microsoft.Storage/storageAccounts",
      "location": "[resourceGroup().location]",
      "kind": "StorageV2",
      "apiVersion": "2019-06-01",
      "sku": {
        "name": "[parameters('storageAccountType')]"
      },
      "tags": {
        "displayName": "Storage Account"
      }
    },
    {
      "name": "[variables('functionAppName')]",
      "type": "Microsoft.Web/sites",
      "location": "[resourceGroup().location]",
      "kind": "functionapp",
      "apiVersion": "2018-11-01",
      "dependsOn": [
        "[resourceId('Microsoft.Web/serverfarms', variables('hostingPlanName'))]",
        "[resourceId('Microsoft.Storage/storageAccounts', variables('storageAccountName'))]"
      ],
      "tags": {
        "[concat('hidden-related:', resourceId('Microsoft.Web/serverfarms', variables('hostingPlanName')))]": "Resource",
        "displayName": "Function App"
      },
      "properties": {
        "name": "[variables('functionAppName')]",
        "serverFarmId": "[resourceId('Microsoft.Web/serverfarms', variables('hostingPlanName'))]",
        "httpsOnly": true,
        "clientAffinityEnabled": false,
        "reserved": false,
        "siteConfig": "[variables('siteConfig')]"
      },
      "resources": [
        {
          "name": "appsettings",
          "type": "config",
          "apiVersion": "2016-08-01",
          "dependsOn": [
            "[resourceId('Microsoft.Web/sites', variables('functionAppName'))]",
            "[resourceId('Microsoft.Insights/components', variables('appInsightsInstanceName'))]"
          ],
          "properties": {
            "FUNCTIONS_EXTENSION_VERSION": "~4",
            "FUNCTIONS_WORKER_RUNTIME": "dotnet",
            "AzureWebJobsStorage": "[concat('DefaultEndpointsProtocol=https;AccountName=',variables('storageAccountName'),';AccountKey=',listKeys(variables('storageAccountId'), '2019-06-01').keys[0].value,';EndpointSuffix=','core.windows.net')]",
            "APPINSIGHTS_INSTRUMENTATIONKEY": "[reference(resourceId('Microsoft.Insights/components', variables('appInsightsInstanceName')), '2015-05-01').InstrumentationKey]",
            "WEBSITE_CONTENTSHARE": "[variables('functionAppName')]",
            "WEBSITE_CONTENTAZUREFILECONNECTIONSTRING": "[concat('DefaultEndpointsProtocol=https;AccountName=',variables('storageAccountName'),';AccountKey=',listKeys(variables('storageAccountId'), '2019-06-01').keys[0].value,';EndpointSuffix=','core.windows.net')]"
          },
          "tags": {
            "displayName": "App Settings"
          }
        }
      ]
    },
    {
      "name": "[variables('appInsightsInstanceName')]",
      "kind": "web",
      "type": "Microsoft.Insights/components",
      "location": "[resourceGroup().location]",
      "apiVersion": "2015-05-01",
      "tags": {
        "displayName": "Application Insights"
      },
      "properties": {
        "ApplicationId": "[variables('functionAppName')]",
        "Application_Type": "web"
      },
      "dependsOn": [
        "[resourceId('Microsoft.Web/sites', variables('functionAppName'))]"
      ]
    },
    {
      "apiVersion": "2019-04-15",
      "name": "[variables('cdnProfileName')]",
      "type": "Microsoft.Cdn/profiles",
      "location": "[resourceGroup().location]",
      "sku": {
        "name": "Standard_Microsoft"
      },
      "dependsOn": [
        "[resourceId('Microsoft.Web/sites', variables('functionAppName'))]"
      ],
      "tags": {
        "displayName": "CDN Profile"
      },
      "properties": {},
      "resources": [
        {
          "name": "[variables('cdnResourceName')]",
          "type": "Microsoft.Cdn/profiles/endpoints",
          "location": "[resourceGroup().location]",
          "apiVersion": "2019-04-15",
          "dependsOn": [
            "[resourceId('Microsoft.Cdn/profiles', variables('cdnProfileName'))]",
            "[resourceId('Microsoft.Web/sites', variables('functionAppName'))]"
          ],
          "tags": {
            "displayName": "Product Image Service Endpoint"
          },
          "properties": {
            "originHostHeader": "[variables('functionEndpointHost')]",
            "isHttpAllowed": true,
            "isHttpsAllowed": true,
            "queryStringCachingBehavior": "UseQueryString",
            "contentTypesToCompress": [
              "application/eot",
              "application/font",
              "application/font-sfnt",
              "application/javascript",
              "application/json",
              "application/opentype",
              "application/otf",
              "application/pkcs7-mime",
              "application/truetype",
              "application/ttf",
              "application/vnd.ms-fontobject",
              "application/xhtml+xml",
              "application/xml",
              "application/xml+rss",
              "application/x-font-opentype",
              "application/x-font-truetype",
              "application/x-font-ttf",
              "application/x-httpd-cgi",
              "application/x-javascript",
              "application/x-mpegurl",
              "application/x-opentype",
              "application/x-otf",
              "application/x-perl",
              "application/x-ttf",
              "font/eot",
              "font/ttf",
              "font/otf",
              "font/opentype",
              "image/svg+xml",
              "text/css",
              "text/csv",
              "text/html",
              "text/javascript",
              "text/js",
              "text/plain",
              "text/richtext",
              "text/tab-separated-values",
              "text/xml",
              "text/x-script",
              "text/x-component",
              "text/x-java-source"
            ],
            "isCompressionEnabled": true,
            "originPath": "[parameters('productImageApiPath')]",
            "origins": [
              {
                "name": "[variables('functionAppName')]",
                "properties": {
                  "hostName": "[variables('functionEndpointHost')]",
                  "httpPort": 80,
                  "httpsPort": 443
                }
              }
            ]
          }
        },
        {
          "condition": "[not(empty(parameters('cdnCustomHost')))]",
          "apiVersion": "2019-12-31",
          "type": "Microsoft.Cdn/profiles/endpoints/customDomains",
          "name": "[concat(variables('cdnResourceName'),'/', replace(variables('cdnCustomHostOrDefault'),'.','-'))]",
          "dependsOn": [
            "[resourceId('Microsoft.Cdn/profiles', variables('cdnProfileName'))]",
            "[resourceId('Microsoft.Cdn/profiles/endpoints', variables('cdnProfileName'), variables('cdnEndpointName'))]"
          ],
          "properties": {
            "hostName": "[variables('cdnCustomHostOrDefault')]"
          },
          "comments": "Custom domain to use for the endpoint if defined in parameter cdnCustomHost"
        }
      ]
    }
  ],
  "outputs": {
    "functionAppName": {
      "value": "[reference(concat('Microsoft.Web/sites/', variables('functionAppName')), '2016-08-01').name]",
      "type": "string"
    }
  }
}